{"lin-zoom_in": {"USH2A": 5.7071879394779467e-29, "ACD": NaN, "RPGR": 0.012149384339149508, "ARL3": NaN, "IQCB1": 0.10199285329913814, "DNAJC21": 9.7944842497521402e-07, "ARL2BP": NaN, "GSN": NaN, "DRAM2": NaN, "GRHL2": NaN, "USB1": NaN, "TERC": 0.020338710056294628, "ABCA4": 0.29125225467429239, "CACNA1F": NaN, "LIG4": NaN, "RP9": NaN, "CERKL": 0.42014973069756151, "TTLL10": 0.41278332784533012, "PARN": 0.0016538513804532744, "SRD5A3": 0.37466657531945319, "TERT": 1.8905507088320383e-09, "MFSD8": 0.32830611641138635, "SBDS": NaN, "RTEL1-TNFRSF6B": NaN, "PAX6": NaN, "WRAP53": NaN, "OPN1LW": 0.0092354803471228365, "RTEL1": 0.0036604040389325758, "GATA2": NaN, "PHYH": NaN, "TINF2": NaN, "DNAJC3": NaN, "ERCC6L2": 0.042475629189847229, "DKC1": 5.4145875187386276e-06, "ARHGEF18": NaN, "MPZ": NaN}, "cooc-zoom_in": {"USH2A": 1.6534981281564621e-28, "ACD": NaN, "RPGR": 0.014357722210620295, "ARL3": NaN, "IQCB1": 0.10310217119520204, "DNAJC21": 0.00021081274305341521, "ARL2BP": NaN, "GSN": NaN, "DRAM2": NaN, "GRHL2": NaN, "USB1": NaN, "TERC": 0.0025858885826886614, "ABCA4": 0.48480537559639969, "CACNA1F": NaN, "LIG4": NaN, "RP9": NaN, "CERKL": 0.446928907682828, "TTLL10": 0.40415966676617665, "PARN": 0.0016633668499187705, "SRD5A3": 0.06604967696277203, "TERT": 8.7773246061751408e-11, "MFSD8": 0.020304398013700532, "SBDS": NaN, "RTEL1-TNFRSF6B": NaN, "PAX6": NaN, "WRAP53": NaN, "OPN1LW": 0.018326185183563333, "RTEL1": 0.017772695758007676, "GATA2": NaN, "PHYH": NaN, "TINF2": NaN, "DNAJC3": NaN, "ERCC6L2": 0.013812126831596019, "DKC1": 0.00060453107255381121, "ARHGEF18": NaN, "MPZ": NaN}, "cooc-zoom_out": {"USH2A": 7.1769359218860554e-99, "ACD": NaN, "RPGR": 3.3152463724909913e-44, "ARL3": NaN, "IQCB1": 0.004800243567552257, "DNAJC21": 0.00065465956837233643, "ARL2BP": NaN, "GSN": NaN, "DRAM2": NaN, "GRHL2": NaN, "USB1": NaN, "TERC": 0.0030321656382246995, "ABCA4": 4.9262974100099036e-18, "CACNA1F": NaN, "LIG4": NaN, "RP9": NaN, "CERKL": 0.00023246334910202797, "TTLL10": 0.015757171341981631, "PARN": 0.0012717109961008527, "SRD5A3": 0.026840280975507107, "TERT": 2.7206017306115138e-12, "MFSD8": 0.00017863923396569929, "SBDS": NaN, "RTEL1-TNFRSF6B": NaN, "PAX6": NaN, "WRAP53": NaN, "OPN1LW": 0.0061628283429846758, "RTEL1": 0.030148029050422957, "GATA2": NaN, "PHYH": NaN, "TINF2": NaN, "DNAJC3": NaN, "ERCC6L2": 0.025807346723359343, "DKC1": 0.00014228932137388815, "ARHGEF18": NaN, "MPZ": NaN}, "lin-zoom_out": {"USH2A": 4.9501059212815983e-94, "ACD": NaN, "RPGR": 1.2083468736906254e-25, "ARL3": NaN, "IQCB1": 0.0093608923888768621, "DNAJC21": 2.6764648174374962e-06, "ARL2BP": NaN, "GSN": NaN, "DRAM2": NaN, "GRHL2": NaN, "USB1": NaN, "TERC": 0.036951667770766999, "ABCA4": 4.132218199920909e-26, "CACNA1F": NaN, "LIG4": NaN, "RP9": NaN, "CERKL": 1.5433418439621199e-05, "TTLL10": 0.013211186462121081, "PARN": 0.0017635160578950023, "SRD5A3": 0.0017694652327907509, "TERT": 2.4370364251833179e-09, "MFSD8": 0.013538371012436302, "SBDS": NaN, "RTEL1-TNFRSF6B": NaN, "PAX6": NaN, "WRAP53": NaN, "OPN1LW": 0.0028924853035404365, "RTEL1": 0.0050432861601141339, "GATA2": NaN, "PHYH": NaN, "TINF2": NaN, "DNAJC3": NaN, "ERCC6L2": 0.071728449384064072, "DKC1": 6.3231066962778126e-11, "ARHGEF18": NaN, "MPZ": NaN}}