{"lin-zoom_in": {"USH2A": 1.1918342382059185e-23, "ACD": null, "PARN": 0.0065542037348074907, "ARL3": null, "IQCB1": 0.04619100029095069, "DNAJC21": 4.8206423492894941e-06, "ARL2BP": null, "GSN": null, "DRAM2": null, "GRHL2": null, "USB1": null, "unknown": 3.0247162797941169e-18, "TERC": 0.0073367113100797614, "ABCA4": 0.014945091595860752, "CACNA1F": null, "LIG4": null, "RP9": null, "CERKL": 0.22561620532162369, "TTLL10": 0.44263331554323326, "RPGR": 0.0068455897362299659, "SRD5A3": 0.00016247504328528495, "TERT": 5.8772354765183008e-08, "MFSD8": 0.15074735108586768, "SBDS": null, "RTEL1-TNFRSF6B": null, "PAX6": null, "WRAP53": null, "OPN1LW": 0.050313484384262586, "RTEL1": 0.044243608415100534, "GATA2": null, "PHYH": null, "TINF2": null, "DNAJC3": null, "ERCC6L2": 0.07230641431309931, "DKC1": 0.0054481684697428277, "ARHGEF18": null, "MPZ": null}, "cooc-zoom_in": {"USH2A": 5.3818529523687575e-24, "ACD": null, "PARN": 0.0013002039001463568, "ARL3": null, "IQCB1": 0.051446815164605905, "DNAJC21": 6.1818003506010244e-05, "ARL2BP": null, "GSN": null, "DRAM2": null, "GRHL2": null, "USB1": null, "unknown": 0.024868066642159251, "TERC": 0.0013306427219573435, "ABCA4": 0.11107220658241315, "CACNA1F": null, "LIG4": null, "RP9": null, "CERKL": 0.3196731923969105, "TTLL10": 0.39002974449431443, "RPGR": 0.0099496969620057781, "SRD5A3": 0.079272369842177004, "TERT": 1.7583686464913325e-10, "MFSD8": 0.019190327937919246, "SBDS": null, "RTEL1-TNFRSF6B": null, "PAX6": null, "WRAP53": null, "OPN1LW": 0.06336606565239325, "RTEL1": 0.026959411482401857, "GATA2": null, "PHYH": null, "TINF2": null, "DNAJC3": null, "ERCC6L2": 0.0093966035081533717, "DKC1": 0.0015803915732322676, "ARHGEF18": null, "MPZ": null}, "cooc-zoom_out": {"USH2A": 7.6354736178278887e-55, "ACD": null, "PARN": 0.00072615887497680517, "ARL3": null, "IQCB1": 0.0070463102107995021, "DNAJC21": 0.00016047726210009948, "ARL2BP": null, "GSN": null, "DRAM2": null, "GRHL2": null, "USB1": null, "unknown": 0.49833587685598946, "TERC": 0.00074775408588739181, "ABCA4": 6.9028077612464192e-13, "CACNA1F": null, "LIG4": null, "RP9": null, "CERKL": 0.0071270770476228804, "TTLL10": 0.052227837994118155, "RPGR": 3.7162574481812907e-25, "SRD5A3": 0.00034564292236892262, "TERT": 1.4946148220620963e-11, "MFSD8": 0.0024690780453875739, "SBDS": null, "RTEL1-TNFRSF6B": null, "PAX6": null, "WRAP53": null, "OPN1LW": 0.03832944921286717, "RTEL1": 0.049548376862532266, "GATA2": null, "PHYH": null, "TINF2": null, "DNAJC3": null, "ERCC6L2": 0.016727333551135107, "DKC1": 0.0010921451997706211, "ARHGEF18": null, "MPZ": null}, "lin-zoom_out": {"USH2A": 5.1939448852004372e-52, "ACD": null, "PARN": 0.0090456537427193607, "ARL3": null, "IQCB1": 0.0076510041859987957, "DNAJC21": 9.8192485004925887e-06, "ARL2BP": null, "GSN": null, "DRAM2": null, "GRHL2": null, "USB1": null, "unknown": 7.2130174120519779e-22, "TERC": 0.012673915025880335, "ABCA4": 1.6141664283982099e-18, "CACNA1F": null, "LIG4": null, "RP9": null, "CERKL": 0.0010299502787045718, "TTLL10": 0.057483435064621211, "RPGR": 2.9416382172953407e-18, "SRD5A3": 2.2385660422037255e-15, "TERT": 2.554498880931896e-07, "MFSD8": 0.0035897786331096698, "SBDS": null, "RTEL1-TNFRSF6B": null, "PAX6": null, "WRAP53": null, "OPN1LW": 0.02932079159411248, "RTEL1": 0.084312878401773136, "GATA2": null, "PHYH": null, "TINF2": null, "DNAJC3": null, "ERCC6L2": 0.10972082007444826, "DKC1": 0.007694482743720376, "ARHGEF18": null, "MPZ": null}}