{"lin-zoom_in": {"USH2A": 3.0852317537304788e-39, "ACD": null, "PARN": 0.0068505535238406233, "ARL3": null, "IQCB1": 0.37512827845723545, "DNAJC21": 0.00030030943148094636, "ARL2BP": null, "GSN": null, "DRAM2": null, "GRHL2": null, "USB1": null, "unknown": 3.7474518711634312e-16, "TERC": 0.018960957352964648, "ABCA4": 0.04384068165991635, "CACNA1F": null, "LIG4": null, "RP9": null, "CERKL": 0.47165524987445384, "TTLL10": 0.20754352572153004, "RPGR": 0.0012373600021465812, "SRD5A3": 0.010486551870479461, "TERT": 2.191931372756604e-07, "MFSD8": 0.15178706428562258, "SBDS": null, "RTEL1-TNFRSF6B": null, "PAX6": null, "WRAP53": null, "OPN1LW": 0.032378666351112285, "RTEL1": 0.054929035478774049, "GATA2": null, "PHYH": null, "TINF2": null, "DNAJC3": null, "ERCC6L2": 0.030089176522682594, "DKC1": 0.013367448022603532, "ARHGEF18": null, "MPZ": null}, "cooc-zoom_in": {"USH2A": 1.9943586738686825e-30, "ACD": null, "PARN": 0.012138171033347607, "ARL3": null, "IQCB1": 0.47341231436593134, "DNAJC21": 0.00081092747071213238, "ARL2BP": null, "GSN": null, "DRAM2": null, "GRHL2": null, "USB1": null, "unknown": 8.2901104027845018e-23, "TERC": 0.019062282575145435, "ABCA4": 0.0038552572444994701, "CACNA1F": null, "LIG4": null, "RP9": null, "CERKL": 0.25652775497759128, "TTLL10": 0.11472152420544267, "RPGR": 0.00063882340756185184, "SRD5A3": 0.00023491151548800192, "TERT": 4.847232000910352e-06, "MFSD8": 0.035823883341049689, "SBDS": null, "RTEL1-TNFRSF6B": null, "PAX6": null, "WRAP53": null, "OPN1LW": 0.094178078970496529, "RTEL1": 0.062266406506488133, "GATA2": null, "PHYH": null, "TINF2": null, "DNAJC3": null, "ERCC6L2": 0.030172546238245428, "DKC1": 0.013953113738827369, "ARHGEF18": null, "MPZ": null}, "cooc-zoom_out": {"USH2A": 1.9080200150146592e-61, "ACD": null, "PARN": 0.017584137736515362, "ARL3": null, "IQCB1": 0.015062464618486779, "DNAJC21": 0.0033444232151609394, "ARL2BP": null, "GSN": null, "DRAM2": null, "GRHL2": null, "USB1": null, "unknown": 9.8421114969643447e-21, "TERC": 0.030444944890156107, "ABCA4": 6.6978943092016405e-10, "CACNA1F": null, "LIG4": null, "RP9": null, "CERKL": 0.030630673367805193, "TTLL10": 0.13989857588946758, "RPGR": 5.571956438694613e-19, "SRD5A3": 0.0043487434696057184, "TERT": 3.768122862172956e-05, "MFSD8": 0.014620175846791927, "SBDS": null, "RTEL1-TNFRSF6B": null, "PAX6": null, "WRAP53": null, "OPN1LW": 3.9273879612500845e-11, "RTEL1": 0.10387318789912256, "GATA2": null, "PHYH": null, "TINF2": null, "DNAJC3": null, "ERCC6L2": 0.077283523578103974, "DKC1": 0.019667976880336457, "ARHGEF18": null, "MPZ": null}, "lin-zoom_out": {"USH2A": 8.4631417105249205e-66, "ACD": null, "PARN": 0.0095592845887426427, "ARL3": null, "IQCB1": 0.046915076091734557, "DNAJC21": 0.0013266401068171452, "ARL2BP": null, "GSN": null, "DRAM2": null, "GRHL2": null, "USB1": null, "unknown": 3.2094479493358558e-14, "TERC": 0.030649840517617804, "ABCA4": 2.7957137876437282e-09, "CACNA1F": null, "LIG4": null, "RP9": null, "CERKL": 0.01168949536948352, "TTLL10": 0.11285143873348427, "RPGR": 7.4654375583708417e-14, "SRD5A3": 0.2194489995915711, "TERT": 1.2665517010091822e-06, "MFSD8": 0.10656482252489634, "SBDS": null, "RTEL1-TNFRSF6B": null, "PAX6": null, "WRAP53": null, "OPN1LW": 0.0012094180686367079, "RTEL1": 0.086467355121594772, "GATA2": null, "PHYH": null, "TINF2": null, "DNAJC3": null, "ERCC6L2": 0.072141831356911434, "DKC1": 0.019863266401402169, "ARHGEF18": null, "MPZ": null}}