{"lin-zoom_in": {"USH2A": 5.7559789669803378e-29, "ACD": null, "PARN": 0.0016636704594065468, "ARL3": null, "IQCB1": 0.093125208269183982, "DNAJC21": 1.0759886137111149e-06, "ARL2BP": null, "GSN": null, "DRAM2": null, "GRHL2": null, "USB1": null, "unknown": 8.0748424105561126e-13, "TERC": 0.020358262364521915, "ABCA4": 0.19397418667300426, "CACNA1F": null, "LIG4": null, "RP9": null, "CERKL": 0.36548901325944771, "TTLL10": 0.43607353493770984, "RPGR": 0.0056411647153692046, "SRD5A3": 0.31189173236390177, "TERT": 1.8891566750062319e-09, "MFSD8": 0.35140370607446686, "SBDS": null, "RTEL1-TNFRSF6B": null, "PAX6": null, "WRAP53": null, "OPN1LW": 0.0090383660145067022, "RTEL1": 0.0036961098636526281, "GATA2": null, "PHYH": null, "TINF2": null, "DNAJC3": null, "ERCC6L2": 0.042582331629395447, "DKC1": 7.2097697149782274e-06, "ARHGEF18": null, "MPZ": null}, "cooc-zoom_in": {"USH2A": 5.3818529523687575e-24, "ACD": null, "PARN": 0.0013002039001463568, "ARL3": null, "IQCB1": 0.051446815164605905, "DNAJC21": 6.1818003506010298e-05, "ARL2BP": null, "GSN": null, "DRAM2": null, "GRHL2": null, "USB1": null, "unknown": 0.024868066642159251, "TERC": 0.0013306427219573435, "ABCA4": 0.11107220658241315, "CACNA1F": null, "LIG4": null, "RP9": null, "CERKL": 0.3196731923969105, "TTLL10": 0.39002974449431443, "RPGR": 0.0099496969620057781, "SRD5A3": 0.079272369842177004, "TERT": 1.7583686464913325e-10, "MFSD8": 0.019190327937919246, "SBDS": null, "RTEL1-TNFRSF6B": null, "PAX6": null, "WRAP53": null, "OPN1LW": 0.06336606565239325, "RTEL1": 0.026959411482401857, "GATA2": null, "PHYH": null, "TINF2": null, "DNAJC3": null, "ERCC6L2": 0.0093966035081533717, "DKC1": 0.0015803915732322676, "ARHGEF18": null, "MPZ": null}, "cooc-zoom_out": {"USH2A": 7.6354736178278887e-55, "ACD": null, "PARN": 0.00072615887497680517, "ARL3": null, "IQCB1": 0.0070463102107995021, "DNAJC21": 0.00016047726210009956, "ARL2BP": null, "GSN": null, "DRAM2": null, "GRHL2": null, "USB1": null, "unknown": 0.49833587685598946, "TERC": 0.00074775408588739181, "ABCA4": 6.9028077612464192e-13, "CACNA1F": null, "LIG4": null, "RP9": null, "CERKL": 0.0071270770476228804, "TTLL10": 0.052227837994118155, "RPGR": 3.7162574481812907e-25, "SRD5A3": 0.00034564292236892262, "TERT": 1.4946148220620963e-11, "MFSD8": 0.0024690780453875739, "SBDS": null, "RTEL1-TNFRSF6B": null, "PAX6": null, "WRAP53": null, "OPN1LW": 0.03832944921286717, "RTEL1": 0.049548376862532266, "GATA2": null, "PHYH": null, "TINF2": null, "DNAJC3": null, "ERCC6L2": 0.016727333551135107, "DKC1": 0.0010921451997706211, "ARHGEF18": null, "MPZ": null}, "lin-zoom_out": {"USH2A": 4.9501059212815983e-94, "ACD": null, "PARN": 0.0017635160578950023, "ARL3": null, "IQCB1": 0.0093608923888768621, "DNAJC21": 2.6764648174375013e-06, "ARL2BP": null, "GSN": null, "DRAM2": null, "GRHL2": null, "USB1": null, "unknown": 6.1285007329255705e-14, "TERC": 0.036951667770766999, "ABCA4": 4.132218199920909e-26, "CACNA1F": null, "LIG4": null, "RP9": null, "CERKL": 1.5433418439621199e-05, "TTLL10": 0.013211186462121081, "RPGR": 1.2083468736906254e-25, "SRD5A3": 0.0017694652327907509, "TERT": 2.4370364251833179e-09, "MFSD8": 0.013538371012436302, "SBDS": null, "RTEL1-TNFRSF6B": null, "PAX6": null, "WRAP53": null, "OPN1LW": 0.0028924853035404365, "RTEL1": 0.0050432861601141339, "GATA2": null, "PHYH": null, "TINF2": null, "DNAJC3": null, "ERCC6L2": 0.071728449384064072, "DKC1": 6.3231066962784898e-11, "ARHGEF18": null, "MPZ": null}}